Workbook

Sheet Dashboard
B2: 🎰 POKER PROJECT - BUILD PLAN
B3: AI Poker Texas | Start: 03/03/2026 | Duration: 8 weeks
B5: Thông tin dự án | C5: Chi tiết
B6: Tên dự án | C6: AI Poker Texas
B7: PM | C7: ToanNM
B8: Ngày bắt đầu | C8: 03/03/2026
B9: Ngày kết thúc (dự kiến) | C9: 28/04/2026
B10: Tổng số thành viên | C10: 16
B11: Số team | C11: 7 (Art, Dev, Design, Multimedia, PM, OP, QC)
B12: Trạng thái | C12: 🟢 On Track
B15: 📊 Phân bổ nhân sự theo Team
B16: Team | C16: Số thành viên | D16: Thành viên | E16: Lead
B17: Art | C17: 3 | D17: HòaGTT, TuND4, NgocLA | E17: HòaGTT
B18: Dev | C18: 6 | D18: CongNN, HuongBP, DienDQ, CongNT7, PhucNN, SonBNT | E18: CongNN
B19: Design | C19: 3 | D19: LocPT, QuynhNH, BinhNT | E19: LocPT
B20: Multimedia | C20: 1 | D20: HungVM2 | E20: HungVM2
B21: PM | C21: 1 | D21: ToanNM | E21: ToanNM
B22: OP | C22: 1 | D22: NienND | E22: NienND
B23: QC | C23: 1 | D23: NhanNT3 | E23: NhanNT3
B26: 📅 Các giai đoạn dự án
B27: Giai đoạn | C27: Bắt đầu | D27: Kết thúc | E27: Thời lượng | F27: Mô tả
B28: Pre-production | C28: 03/03/2026 | D28: 17/03/2026 | E28: 2 tuần | F28: Concept, thiết kế game design, prototype
B29: Production | C29: 18/03/2026 | D29: 14/04/2026 | E29: 4 tuần | F29: Build asset, coding, integration
B30: Testing & QA | C30: 15/04/2026 | D30: 28/04/2026 | E30: 2 tuần | F30: Test, fix bug, polish, release

Sheet Task Assignment
A1: ID | B1: Phase | C1: Task | D1: Team | E1: Assignee | F1: Priority | G1: Status | H1: Start Date | I1: End Date | J1: % Complete | K1: Dependencies | L1: Notes
A2: T001 | B2: Pre-production | C2: Game Design Document (GDD) | D2: PM | E2: ToanNM | F2: High | G2: Not Started | H2: 03/03/2026 | I2: 06/03/2026 | J2: 0 | L2: Tài liệu thiết kế game tổng thể
A3: T0038 | B3: Production | C3: Design Bàn chơi | D3: Design | E3: QuynhNH | F3: High | G3: Done | H3: 03/03/2026 | I3: 03/03/2026 | J3: 100%
A4: T002 | B4: Pre-production | C4: UI/UX Wireframe - Lobby | D4: Design | E4: LocPT | F4: High | G4: Not Started | H4: 04/03/2026 | I4: 09/03/2026 | J4: 0 | K4: T001 | L4: Wireframe màn hình lobby
A5: T003 | B5: Pre-production | C5: UI/UX Wireframe - Gameplay | D5: Design | E5: QuynhNH | F5: High | G5: Not Started | H5: 04/03/2026 | I5: 09/03/2026 | J5: 0 | K5: T001 | L5: Wireframe màn chơi chính
A6: T004 | B6: Pre-production | C6: Art Style Guide | D6: Art | E6: HòaGTT | F6: High | G6: Not Started | H6: 05/03/2026 | I6: 10/03/2026 | J6: 0 | K6: T001 | L6: Định hướng phong cách visual
A7: T005 | B7: Pre-production | C7: Technical Architecture | D7: Dev | E7: CongNN | F7: High | G7: Not Started | H7: 04/03/2026 | I7: 08/03/2026 | J7: 0 | K7: T001 | L7: Kiến trúc kỹ thuật, stack công nghệ
A8: T006 | B8: Pre-production | C8: Prototype - Core Gameplay | D8: Dev | E8: HuongBP | F8: Medium | G8: Not Started | H8: 09/03/2026 | I8: 15/03/2026 | J8: 0 | K8: T005 | L8: Prototype logic chia bài, đặt cược
A9: T007 | B9: Pre-production | C9: QA Test Plan | D9: QC | E9: NhanNT3 | F9: Medium | G9: Not Started | H9: 09/03/2026 | I9: 13/03/2026 | J9: 0 | K9: T001 | L9: Lập kế hoạch test tổng thể
A10: T008 | B10: Pre-production | C10: Resource & Timeline Planning | D10: OP | E10: NienND | F10: High | G10: Not Started | H10: 03/03/2026 | I10: 06/03/2026 | J10: 0 | L10: Lập kế hoạch nguồn lực, timeline
A11: T009 | B11: Production | C11: Card Design (52 lá bài) | D11: Art | E11: HòaGTT | F11: High | G11: Not Started | H11: 18/03/2026 | I11: 27/03/2026 | J11: 0 | K11: T004 | L11: Thiết kế 52 lá bài + mặt sau
A12: T010 | B12: Production | C12: Table & Background Art | D12: Art | E12: TuND4 | F12: High | G12: Not Started | H12: 18/03/2026 | I12: 25/03/2026 | J12: 0 | K12: T004 | L12: Bàn chơi, background các phòng
A13: T011 | B13: Production | C13: Character/Avatar Design | D13: Art | E13: NgocLA | F13: Medium | G13: Not Started | H13: 18/03/2026 | I13: 27/03/2026 | J13: 0 | K13: T004 | L13: Avatar người chơi, dealer
A14: T012 | B14: Production | C14: Chip & Token Assets | D14: Art | E14: TuND4 | F14: Medium | G14: Not Started | H14: 26/03/2026 | I14: 31/03/2026 | J14: 0 | K14: T010 | L14: Chip, token, icon tiền
A15: T013 | B15: Production | C15: UI Design - Lobby & Menu | D15: Design | E15: LocPT | F15: High | G15: Not Started | H15: 18/03/2026 | I15: 25/03/2026 | J15: 0 | K15: T002 | L15: UI hoàn chỉnh lobby, menu
A16: T014 | B16: Production | C16: UI Design - Gameplay Screen | D16: Design | E16: QuynhNH | F16: High | G16: Not Started | H16: 18/03/2026 | I16: 25/03/2026 | J16: 0 | K16: T003 | L16: UI màn chơi, action buttons
A17: T015 | B17: Production | C17: UI Design - Shop & Profile | D17: Design | E17: BinhNT | F17: Medium | G17: Not Started | H17: 23/03/2026 | I17: 30/03/2026 | J17: 0 | K17: T013 | L17: UI cửa hàng, trang cá nhân
A18: T016 | B18: Production | C18: UI Animation Specs | D18: Design | E18: LocPT | F18: Medium | G18: Not Started | H18: 26/03/2026 | I18: 31/03/2026 | J18: 0 | K18: T013,T014 | L18: Spec chuyển động UI, transition
A19: T017 | B19: Production | C19: Core Engine - Card Logic | D19: Dev | E19: CongNN | F19: High | G19: Not Started | H19: 18/03/2026 | I19: 27/03/2026 | J19: 0 | K19: T005,T006 | L19: Engine xử lý bài, tính tay bài
A20: T018 | B20: Production | C20: Betting System | D20: Dev | E20: HuongBP | F20: High | G20: Not Started | H20: 18/03/2026 | I20: 27/03/2026 | J20: 0 | K20: T005 | L20: Hệ thống đặt cược, pot, side pot
A21: T019 | B21: Production | C21: Multiplayer/Networking | D21: Dev | E21: DienDQ | F21: High | G21: Not Started | H21: 20/03/2026 | I21: 03/04/2026 | J21: 0 | K21: T005 | L21: Kết nối multiplayer, room system
A22: T020 | B22: Production | C22: UI Implementation - Lobby | D22: Dev | E22: CongNT7 | F22: High | G22: Not Started | H22: 26/03/2026 | I22: 03/04/2026 | J22: 0 | K22: T013 | L22: Code UI lobby từ design
... A26: T024 | B26: Production | C26: Shop & In-app Purchase | D26: Dev | E26: HuongBP | F26: Medium | G26: Not Started | H26: 28/03/2026 | I26: 07/04/2026 | J26: 0 | K26: T018,T022 | L26: Cửa hàng, mua chip
A27: T025 | B27: Production | C27: Sound Effects (SFX) | D27: Multimedia | E27: HungVM2 | F27: Medium | G27: Not Started | H27: 18/03/2026 | I27: 31/03/2026 | J27: 0 | L27: Âm thanh chia bài, chip, win/lose
A28: T026 | B28: Production | C28: Background Music | D28: Multimedia | E28: HungVM2 | F28: Low | G28: Not Started | H28: 01/04/2026 | I28: 07/04/2026 | J28: 0 | K28: T025 | L28: Nhạc nền lobby, gameplay
A29: T027 | B29: Production | C29: Card Animation & VFX | D29: Multimedia | E29: HungVM2 | F29: Medium | G29: Not Started | H29: 28/03/2026 | I29: 07/04/2026 | J29: 0 | K29: T009,T025 | L29: Animation chia bài, lật bài, VFX win
A30: T028 | B30: Production | C30: Sprint Review & Tracking | D30: PM | E30: ToanNM | F30: High | G30: Not Started | H30: 18/03/2026 | I30: 14/04/2026 | J30: 0 | L30: Review tiến độ hàng tuần
A31: T029 | B31: Production | C31: Build & Deployment Setup | D31: OP | E31: NienND | F31: High | G31: Not Started | H31: 18/03/2026 | I31: 24/03/2026 | J31: 0 | K31: T005 | L31: Setup CI/CD, build pipeline
A32: T030 | B32: Testing & QA | C32: Functional Testing | D32: QC | E32: NhanNT3 | F32: High | G32: Not Started | H32: 15/04/2026 | I32: 21/04/2026 | J32: 0 | K32: T007 | L32: Test chức năng core gameplay
A33: T031 | B33: Testing & QA | C33: Integration Testing | D33: Dev | E33: DienDQ | F33: High | G33: Not Started | H33: 15/04/2026 | I33: 19/04/2026 | J33: 0 | K33: T019,T022 | L33: Test tích hợp multiplayer + API
A34: T032 | B34: Testing & QA | C34: Performance Testing | D34: Dev | E34: SonBNT | F34: Medium | G34: Not Started | H34: 18/04/2026 | I34: 22/04/2026 | J34: 0 | K34: T031 | L34: Test hiệu năng, tải đồng thời
A35: T033 | B35: Testing & QA | C35: Bug Fixing Sprint | D35: Dev | E35: CongNN | F35: High | G35: Not Started | H35: 20/04/2026 | I35: 26/04/2026 | J35: 0 | K35: T030,T031 | L35: Fix bug từ QA report
A36: T034 | B36: Testing & QA | C36: UI/UX Polish | D36: Design | E36: LocPT | F36: Medium | G36: Not Started | H36: 20/04/2026 | I36: 25/04/2026 | J36: 0 | K36: T030 | L36: Chỉnh sửa UI từ feedback test
A37: T035 | B37: Testing & QA | C37: Art Asset Polish | D37: Art | E37: HòaGTT | F37: Low | G37: Not Started | H37: 20/04/2026 | I37: 25/04/2026 | J37: 0 | K37: T030 | L37: Chỉnh sửa art từ feedback
A38: T036 | B38: Testing & QA | C38: Final Build & Release | D38: OP | E38: NienND | F38: High | G38: Not Started | H38: 26/04/2026 | I38: 28/04/2026 | J38: 0 | K38: T033 | L38: Build final, deploy release
A39: T037 | B39: Testing & QA | C39: Release Sign-off | D39: PM | E39: ToanNM | F39: High | G39: Not Started | H39: 28/04/2026 | I39: 28/04/2026 | J39: 0 | K39: T036 | L39: Nghiệm thu, sign-off release

Sheet Timeline
A1: TIMELINE - Auto-synced from Task Assignment (thêm task mới ở CUỐI bảng Task Assignment)
A2: ID | B2: Task | C2: Team | D2: Assignee | E2: Start | F2: End | G2: W1 03/03 - 09/03 | H2: W2 10/03 - 16/03 | I2: W3 17/03 - 23/03 | J2: W4 24/03 - 30/03 | K2: W5 31/03 - 06/04 | L2: W6 07/04 - 13/04 | M2: W7 14/04 - 20/04 | N2: W8 21/04 - 27/04
A3: ='Task Assignment'!A2 -> T001 | B3: ='Task Assignment'!C2 -> Game Design Document (GDD) | C3: ='Task Assignment'!D2 -> PM | D3: ='Task Assignment'!E2 -> ToanNM | E3: ='Task Assignment'!H2 -> 03/03/2026 | F3: ='Task Assignment'!I2 -> 06/03/2026 | G3: =IF(AND(E3<>"",F3<>"",E3<=46090,F3>=46084),'Task Assignment'!J2,"") | H3: =IF(AND(E3<>"",F3<>"",E3<=46097,F3>=46091),'Task Assignment'!J2,"") | I3: =IF(AND(E3<>"",F3<>"",E3<=46104,F3>=46098),'Task Assignment'!J2,"") | J3: =IF(AND(E3<>"",F3<>"",E3<=46111,F3>=46105),'Task Assignment'!J2,"") | K3: =IF(AND(E3<>"",F3<>"",E3<=46118,F3>=46112),'Task Assignment'!J2,"") | L3: =IF(AND(E3<>"",F3<>"",E3<=46125,F3>=46119),'Task Assignment'!J2,"") | M3: =IF(AND(E3<>"",F3<>"",E3<=46132,F3>=46126),'Task Assignment'!J2,"") | N3: =IF(AND(E3<>"",F3<>"",E3<=46139,F3>=46133),'Task Assignment'!J2,"")
A4: ='Task Assignment'!A3 -> T0038 | B4: ='Task Assignment'!C3 -> Design Bàn chơi | C4: ='Task Assignment'!D3 -> Design | D4: ='Task Assignment'!E3 -> QuynhNH | E4: ='Task Assignment'!H3 -> 03/03/2026 | F4: ='Task Assignment'!I3 -> 03/03/2026 | G4: =IF(AND(E4<>"",F4<>"",E4<=46090,F4>=46084),'Task Assignment'!J3,"") | H4: =IF(AND(E4<>"",F4<>"",E4<=46097,F4>=46091),'Task Assignment'!J3,"") | I4: =IF(AND(E4<>"",F4<>"",E4<=46104,F4>=46098),'Task Assignment'!J3,"") | J4: =IF(AND(E4<>"",F4<>"",E4<=46111,F4>=46105),'Task Assignment'!J3,"") | K4: =IF(AND(E4<>"",F4<>"",E4<=46118,F4>=46112),'Task Assignment'!J3,"") | L4: =IF(AND(E4<>"",F4<>"",E4<=46125,F4>=46119),'Task Assignment'!J3,"") | M4: =IF(AND(E4<>"",F4<>"",E4<=46132,F4>=46126),'Task Assignment'!J3,"") | N4: =IF(AND(E4<>"",F4<>"",E4<=46139,F4>=46133),'Task Assignment'!J3,"")
A5: ='Task Assignment'!A4 -> T002 | B5: ='Task Assignment'!C4 -> UI/UX Wireframe - Lobby | C5: ='Task Assignment'!D4 -> Design | D5: ='Task Assignment'!E4 -> LocPT | E5: ='Task Assignment'!H4 -> 04/03/2026 | F5: ='Task Assignment'!I4 -> 09/03/2026 | G5: =IF(AND(E5<>"",F5<>"",E5<=46090,F5>=46084),'Task Assignment'!J4,"") | H5: =IF(AND(E5<>"",F5<>"",E5<=46097,F5>=46091),'Task Assignment'!J4,"") | I5: =IF(AND(E5<>"",F5<>"",E5<=46104,F5>=46098),'Task Assignment'!J4,"") | J5: =IF(AND(E5<>"",F5<>"",E5<=46111,F5>=46105),'Task Assignment'!J4,"") | K5: =IF(AND(E5<>"",F5<>"",E5<=46118,F5>=46112),'Task Assignment'!J4,"") | L5: =IF(AND(E5<>"",F5<>"",E5<=46125,F5>=46119),'Task Assignment'!J4,"") | M5: =IF(AND(E5<>"",F5<>"",E5<=46132,F5>=46126),'Task Assignment'!J4,"") | N5: =IF(AND(E5<>"",F5<>"",E5<=46139,F5>=46133),'Task Assignment'!J4,"")
A6: ='Task Assignment'!A5 -> T003 | B6: ='Task Assignment'!C5 -> UI/UX Wireframe - Gameplay | C6: ='Task Assignment'!D5 -> Design | D6: ='Task Assignment'!E5 -> QuynhNH | E6: ='Task Assignment'!H5 -> 04/03/2026 | F6: ='Task Assignment'!I5 -> 09/03/2026 | G6: =IF(AND(E6<>"",F6<>"",E6<=46090,F6>=46084),'Task Assignment'!J5,"") | H6: =IF(AND(E6<>"",F6<>"",E6<=46097,F6>=46091),'Task Assignment'!J5,"") | I6: =IF(AND(E6<>"",F6<>"",E6<=46104,F6>=46098),'Task Assignment'!J5,"") | J6: =IF(AND(E6<>"",F6<>"",E6<=46111,F6>=46105),'Task Assignment'!J5,"") | K6: =IF(AND(E6<>"",F6<>"",E6<=46118,F6>=46112),'Task Assignment'!J5,"") | L6: =IF(AND(E6<>"",F6<>"",E6<=46125,F6>=46119),'Task Assignment'!J5,"") | M6: =IF(AND(E6<>"",F6<>"",E6<=46132,F6>=46126),'Task Assignment'!J5,"") | N6: =IF(AND(E6<>"",F6<>"",E6<=46139,F6>=46133),'Task Assignment'!J5,"")
A7: ='Task Assignment'!A6 -> T004 | B7: ='Task Assignment'!C6 -> Art Style Guide | C7: ='Task Assignment'!D6 -> Art | D7: ='Task Assignment'!E6 -> HòaGTT | E7: ='Task Assignment'!H6 -> 05/03/2026 | F7: ='Task Assignment'!I6 -> 10/03/2026 | G7: =IF(AND(E7<>"",F7<>"",E7<=46090,F7>=46084),'Task Assignment'!J6,"") | H7: =IF(AND(E7<>"",F7<>"",E7<=46097,F7>=46091),'Task Assignment'!J6,"") | I7: =IF(AND(E7<>"",F7<>"",E7<=46104,F7>=46098),'Task Assignment'!J6,"") | J7: =IF(AND(E7<>"",F7<>"",E7<=46111,F7>=46105),'Task Assignment'!J6,"") | K7: =IF(AND(E7<>"",F7<>"",E7<=46118,F7>=46112),'Task Assignment'!J6,"") | L7: =IF(AND(E7<>"",F7<>"",E7<=46125,F7>=46119),'Task Assignment'!J6,"") | M7: =IF(AND(E7<>"",F7<>"",E7<=46132,F7>=46126),'Task Assignment'!J6,"") | N7: =IF(AND(E7<>"",F7<>"",E7<=46139,F7>=46133),'Task Assignment'!J6,"")
A8: ='Task Assignment'!A7 -> T005 | B8: ='Task Assignment'!C7 -> Technical Architecture | C8: ='Task Assignment'!D7 -> Dev | D8: ='Task Assignment'!E7 -> CongNN | E8: ='Task Assignment'!H7 -> 04/03/2026 | F8: ='Task Assignment'!I7 -> 08/03/2026 | G8: =IF(AND(E8<>"",F8<>"",E8<=46090,F8>=46084),'Task Assignment'!J7,"") | H8: =IF(AND(E8<>"",F8<>"",E8<=46097,F8>=46091),'Task Assignment'!J7,"") | I8: =IF(AND(E8<>"",F8<>"",E8<=46104,F8>=46098),'Task Assignment'!J7,"") | J8: =IF(AND(E8<>"",F8<>"",E8<=46111,F8>=46105),'Task Assignment'!J7,"") | K8: =IF(AND(E8<>"",F8<>"",E8<=46118,F8>=46112),'Task Assignment'!J7,"") | L8: =IF(AND(E8<>"",F8<>"",E8<=46125,F8>=46119),'Task Assignment'!J7,"") | M8: =IF(AND(E8<>"",F8<>"",E8<=46132,F8>=46126),'Task Assignment'!J7,"") | N8: =IF(AND(E8<>"",F8<>"",E8<=46139,F8>=46133),'Task Assignment'!J7,"")
A9: ='Task Assignment'!A8 -> T006 | B9: ='Task Assignment'!C8 -> Prototype - Core Gameplay | C9: ='Task Assignment'!D8 -> Dev | D9: ='Task Assignment'!E8 -> HuongBP | E9: ='Task Assignment'!H8 -> 09/03/2026 | F9: ='Task Assignment'!I8 -> 15/03/2026 | G9: =IF(AND(E9<>"",F9<>"",E9<=46090,F9>=46084),'Task Assignment'!J8,"") | H9: =IF(AND(E9<>"",F9<>"",E9<=46097,F9>=46091),'Task Assignment'!J8,"") | I9: =IF(AND(E9<>"",F9<>"",E9<=46104,F9>=46098),'Task Assignment'!J8,"") | J9: =IF(AND(E9<>"",F9<>"",E9<=46111,F9>=46105),'Task Assignment'!J8,"") | K9: =IF(AND(E9<>"",F9<>"",E9<=46118,F9>=46112),'Task Assignment'!J8,"") | L9: =IF(AND(E9<>"",F9<>"",E9<=46125,F9>=46119),'Task Assignment'!J8,"") | M9: =IF(AND(E9<>"",F9<>"",E9<=46132,F9>=46126),'Task Assignment'!J8,"") | N9: =IF(AND(E9<>"",F9<>"",E9<=46139,F9>=46133),'Task Assignment'!J8,"")
A10: ='Task Assignment'!A9 -> T007 | B10: ='Task Assignment'!C9 -> QA Test Plan | C10: ='Task Assignment'!D9 -> QC | D10: ='Task Assignment'!E9 -> NhanNT3 | E10: ='Task Assignment'!H9 -> 09/03/2026 | F10: ='Task Assignment'!I9 -> 13/03/2026 | G10: =IF(AND(E10<>"",F10<>"",E10<=46090,F10>=46084),'Task Assignment'!J9,"") | H10: =IF(AND(E10<>"",F10<>"",E10<=46097,F10>=46091),'Task Assignment'!J9,"") | I10: =IF(AND(E10<>"",F10<>"",E10<=46104,F10>=46098),'Task Assignment'!J9,"") | J10: =IF(AND(E10<>"",F10<>"",E10<=46111,F10>=46105),'Task Assignment'!J9,"") | K10: =IF(AND(E10<>"",F10<>"",E10<=46118,F10>=46112),'Task Assignment'!J9,"") | L10: =IF(AND(E10<>"",F10<>"",E10<=46125,F10>=46119),'Task Assignment'!J9,"") | M10: =IF(AND(E10<>"",F10<>"",E10<=46132,F10>=46126),'Task Assignment'!J9,"") | N10: =IF(AND(E10<>"",F10<>"",E10<=46139,F10>=46133),'Task Assignment'!J9,"")
A11: ='Task Assignment'!A10 -> T008 | B11: ='Task Assignment'!C10 -> Resource & Timeline Planning | C11: ='Task Assignment'!D10 -> OP | D11: ='Task Assignment'!E10 -> NienND | E11: ='Task Assignment'!H10 -> 03/03/2026 | F11: ='Task Assignment'!I10 -> 06/03/2026 | G11: =IF(AND(E11<>"",F11<>"",E11<=46090,F11>=46084),'Task Assignment'!J10,"") | H11: =IF(AND(E11<>"",F11<>"",E11<=46097,F11>=46091),'Task Assignment'!J10,"") | I11: =IF(AND(E11<>"",F11<>"",E11<=46104,F11>=46098),'Task Assignment'!J10,"") | J11: =IF(AND(E11<>"",F11<>"",E11<=46111,F11>=46105),'Task Assignment'!J10,"") | K11: =IF(AND(E11<>"",F11<>"",E11<=46118,F11>=46112),'Task Assignment'!J10,"") | L11: =IF(AND(E11<>"",F11<>"",E11<=46125,F11>=46119),'Task Assignment'!J10,"") | M11: =IF(AND(E11<>"",F11<>"",E11<=46132,F11>=46126),'Task Assignment'!J10,"") | N11: =IF(AND(E11<>"",F11<>"",E11<=46139,F11>=46133),'Task Assignment'!J10,"")
A12: ='Task Assignment'!A11 -> T009 | B12: ='Task Assignment'!C11 -> Card Design (52 lá bài) | C12: ='Task Assignment'!D11 -> Art | D12: ='Task Assignment'!E11 -> HòaGTT | E12: ='Task Assignment'!H11 -> 18/03/2026 | F12: ='Task Assignment'!I11 -> 27/03/2026 | G12: =IF(AND(E12<>"",F12<>"",E12<=46090,F12>=46084),'Task Assignment'!J11,"") | H12: =IF(AND(E12<>"",F12<>"",E12<=46097,F12>=46091),'Task Assignment'!J11,"") | I12: =IF(AND(E12<>"",F12<>"",E12<=46104,F12>=46098),'Task Assignment'!J11,"") | J12: =IF(AND(E12<>"",F12<>"",E12<=46111,F12>=46105),'Task Assignment'!J11,"") | K12: =IF(AND(E12<>"",F12<>"",E12<=46118,F12>=46112),'Task Assignment'!J11,"") | L12: =IF(AND(E12<>"",F12<>"",E12<=46125,F12>=46119),'Task Assignment'!J11,"") | M12: =IF(AND(E12<>"",F12<>"",E12<=46132,F12>=46126),'Task Assignment'!J11,"") | N12: =IF(AND(E12<>"",F12<>"",E12<=46139,F12>=46133),'Task Assignment'!J11,"")
A13: ='Task Assignment'!A12 -> T010 | B13: ='Task Assignment'!C12 -> Table & Background Art | C13: ='Task Assignment'!D12 -> Art | D13: ='Task Assignment'!E12 -> TuND4 | E13: ='Task Assignment'!H12 -> 18/03/2026 | F13: ='Task Assignment'!I12 -> 25/03/2026 | G13: =IF(AND(E13<>"",F13<>"",E13<=46090,F13>=46084),'Task Assignment'!J12,"") | H13: =IF(AND(E13<>"",F13<>"",E13<=46097,F13>=46091),'Task Assignment'!J12,"") | I13: =IF(AND(E13<>"",F13<>"",E13<=46104,F13>=46098),'Task Assignment'!J12,"") | J13: =IF(AND(E13<>"",F13<>"",E13<=46111,F13>=46105),'Task Assignment'!J12,"") | K13: =IF(AND(E13<>"",F13<>"",E13<=46118,F13>=46112),'Task Assignment'!J12,"") | L13: =IF(AND(E13<>"",F13<>"",E13<=46125,F13>=46119),'Task Assignment'!J12,"") | M13: =IF(AND(E13<>"",F13<>"",E13<=46132,F13>=46126),'Task Assignment'!J12,"") | N13: =IF(AND(E13<>"",F13<>"",E13<=46139,F13>=46133),'Task Assignment'!J12,"")
A14: ='Task Assignment'!A13 -> T011 | B14: ='Task Assignment'!C13 -> Character/Avatar Design | C14: ='Task Assignment'!D13 -> Art | D14: ='Task Assignment'!E13 -> NgocLA | E14: ='Task Assignment'!H13 -> 18/03/2026 | F14: ='Task Assignment'!I13 -> 27/03/2026 | G14: =IF(AND(E14<>"",F14<>"",E14<=46090,F14>=46084),'Task Assignment'!J13,"") | H14: =IF(AND(E14<>"",F14<>"",E14<=46097,F14>=46091),'Task Assignment'!J13,"") | I14: =IF(AND(E14<>"",F14<>"",E14<=46104,F14>=46098),'Task Assignment'!J13,"") | J14: =IF(AND(E14<>"",F14<>"",E14<=46111,F14>=46105),'Task Assignment'!J13,"") | K14: =IF(AND(E14<>"",F14<>"",E14<=46118,F14>=46112),'Task Assignment'!J13,"") | L14: =IF(AND(E14<>"",F14<>"",E14<=46125,F14>=46119),'Task Assignment'!J13,"") | M14: =IF(AND(E14<>"",F14<>"",E14<=46132,F14>=46126),'Task Assignment'!J13,"") | N14: =IF(AND(E14<>"",F14<>"",E14<=46139,F14>=46133),'Task Assignment'!J13,"")
... A82: ='Task Assignment'!A81 -> 0 | B82: ='Task Assignment'!C81 -> 0 | C82: ='Task Assignment'!D81 -> 0 | D82: ='Task Assignment'!E81 -> 0 | E82: ='Task Assignment'!H81 -> 0 | F82: ='Task Assignment'!I81 -> 0 | G82: =IF(AND(E82<>"",F82<>"",E82<=46090,F82>=46084),'Task Assignment'!J81,"") | H82: =IF(AND(E82<>"",F82<>"",E82<=46097,F82>=46091),'Task Assignment'!J81,"") | I82: =IF(AND(E82<>"",F82<>"",E82<=46104,F82>=46098),'Task Assignment'!J81,"") | J82: =IF(AND(E82<>"",F82<>"",E82<=46111,F82>=46105),'Task Assignment'!J81,"") | K82: =IF(AND(E82<>"",F82<>"",E82<=46118,F82>=46112),'Task Assignment'!J81,"") | L82: =IF(AND(E82<>"",F82<>"",E82<=46125,F82>=46119),'Task Assignment'!J81,"") | M82: =IF(AND(E82<>"",F82<>"",E82<=46132,F82>=46126),'Task Assignment'!J81,"") | N82: =IF(AND(E82<>"",F82<>"",E82<=46139,F82>=46133),'Task Assignment'!J81,"")
A85: Chú thích: | B85: 0% - Chưa bắt đầu | C85: 1-99% - Đang làm | D85: 100% - Hoàn thành
A87: ⚠ Lưu ý: Thêm task mới ở CUỐI bảng Task Assignment (không insert row giữa chừng) để Timeline đồng bộ đúng.

Sheet Milestones
A1: # | B1: Milestone | C1: Ngày dự kiến | D1: Phase | E1: Owner | F1: Tiêu chí hoàn thành | G1: Trạng thái
A2: 1 | B2: GDD & Architecture Approved | C2: 08/03/2026 | D2: Pre-production | E2: ToanNM | F2: GDD hoàn thiện, architecture review passed | G2: Pending
A3: 2 | B3: UI/UX Design Complete | C3: 15/03/2026 | D3: Pre-production | E3: LocPT | F3: Tất cả wireframe & mockup được approve | G3: Pending
A4: 3 | B4: Art Style Guide Locked | C4: 12/03/2026 | D4: Pre-production | E4: HòaGTT | F4: Art style guide được PM approve | G4: Pending
A5: 4 | B5: Core Gameplay Playable | C5: 27/03/2026 | D5: Production | E5: CongNN | F5: Có thể chơi 1 ván poker cơ bản | G5: Pending
A6: 5 | B6: All Art Assets Delivered | C6: 03/04/2026 | D6: Production | E6: HòaGTT | F6: 52 lá bài, bàn, avatar, chip hoàn thiện | G6: Pending
A7: 6 | B7: Multiplayer Working | C7: 03/04/2026 | D7: Production | E7: DienDQ | F7: 2+ người chơi cùng phòng được | G7: Pending
A8: 7 | B8: Feature Complete (Code Freeze) | C8: 10/04/2026 | D8: Production | E8: CongNN | F8: Tất cả feature done, không code mới | G8: Pending
A9: 8 | B9: QA Test Pass | C9: 24/04/2026 | D9: Testing & QA | E9: NhanNT3 | F9: Không còn bug Critical/Major | G9: Pending
A10: 9 | B10: Final Build Ready | C10: 27/04/2026 | D10: Testing & QA | E10: NienND | F10: Build chạy ổn trên tất cả platform | G10: Pending
A11: 10 | B11: Release Sign-off | C11: 28/04/2026 | D11: Testing & QA | E11: ToanNM | F11: PM sign-off, sẵn sàng release | G11: Pending

Sheet Risk Management
A1: ID | B1: Rủi ro | C1: Xác suất | D1: Mức ảnh hưởng | E1: Team liên quan | F1: Giải pháp | G1: Owner | H1: Trạng thái
A2: R01 | B2: Thiếu nhân lực Dev (6 người cho nhiều module) | C2: Cao | D2: Cao | E2: Dev | F2: Ưu tiên core features, cắt giảm scope nếu cần | G2: ToanNM | H2: Open
A3: R02 | B3: Multiplayer networking phức tạp hơn dự kiến | C3: Trung bình | D3: Cao | E3: Dev | F3: Dùng framework có sẵn (Photon/Mirror), prototype sớm | G3: DienDQ | H3: Open
A4: R03 | B4: Art asset chậm deadline | C4: Trung bình | D4: Trung bình | E4: Art | F4: Chia nhỏ deliverable, review hàng tuần | G4: HòaGTT | H4: Open
A5: R04 | B5: Bug Critical gần ngày release | C5: Trung bình | D5: Cao | E5: QC, Dev | F5: Buffer 3 ngày trước release, daily build từ tuần 6 | G5: NhanNT3 | H5: Open
A6: R05 | B6: Scope creep - thêm tính năng ngoài kế hoạch | C6: Cao | D6: Trung bình | E6: PM | F6: Strict change request process, backlog cho v2 | G6: ToanNM | H6: Open
A7: R06 | B7: Multimedia chỉ có 1 người (HungVM2) | C7: Trung bình | D7: Trung bình | E7: Multimedia | F7: Dùng asset library có sẵn, ưu tiên SFX trước BGM | G7: HungVM2 | H7: Open
A8: R07 | B8: Integration issues giữa các module | C8: Trung bình | D8: Cao | E8: Dev | F8: Daily standup, integration test từ tuần 4 | G8: CongNN | H8: Open

Sheet Weekly Tracking
A1: Tuần | B1: Ngày | C1: Team | D1: Planned Tasks | E1: Completed Tasks | F1: Blockers | G1: % Tiến độ | H1: Notes
A2: W1 | B2: 03/03 - 09/03/2026 | C2: Art
A3: W1 | B3: 03/03 - 09/03/2026 | C3: Dev
A4: W1 | B4: 03/03 - 09/03/2026 | C4: Design
A5: W1 | B5: 03/03 - 09/03/2026 | C5: Multimedia
A6: W1 | B6: 03/03 - 09/03/2026 | C6: PM
A7: W1 | B7: 03/03 - 09/03/2026 | C7: OP
A8: W1 | B8: 03/03 - 09/03/2026 | C8: QC
A9: W2 | B9: 10/03 - 16/03/2026 | C9: Art
A10: W2 | B10: 10/03 - 16/03/2026 | C10: Dev
A11: W2 | B11: 10/03 - 16/03/2026 | C11: Design
A12: W2 | B12: 10/03 - 16/03/2026 | C12: Multimedia
A13: W2 | B13: 10/03 - 16/03/2026 | C13: PM
... A57: W8 | B57: 21/04 - 27/04/2026 | C57: QC

Sheet _Lists
A1: Team | B1: Assignee | C1: Priority | D1: Status | E1: Phase | F1: % Complete | G1: Task IDs | H1: MS Status | I1: Probability | J1: Risk Status
A2: Art | B2: HòaGTT | C2: High | D2: Not Started | E2: Pre-production | F2: 0% | G2: T001 | H2: Pending | I2: Cao | J2: Open
A3: Dev | B3: TuND4 | C3: Medium | D3: In Progress | E3: Production | F3: 10% | G3: T002 | H3: In Progress | I3: Trung bình | J3: Mitigated
A4: Design | B4: NgocLA | C4: Low | D4: Review | E4: Testing & QA | F4: 20% | G4: T003 | H4: Achieved | I4: Thấp | J4: Closed
A5: Multimedia | B5: CongNN | D5: Done | F5: 30% | G5: T004 | H5: At Risk | J5: Escalated
A6: PM | B6: HuongBP | D6: Blocked | F6: 40% | G6: T005 | H6: Missed
A7: OP | B7: DienDQ | F7: 50% | G7: T006
A8: QC | B8: CongNT7 | F8: 60% | G8: T007
B9: PhucNN | F9: 70% | G9: T008
B10: SonBNT | F10: 80% | G10: T009
B11: LocPT | F11: 90% | G11: T010
B12: QuynhNH | F12: 100% | G12: T011
B13: BinhNT | G13: T012
B14: HungVM2 | G14: T013
B15: ToanNM | G15: T014
B16: NienND | G16: T015
B17: NhanNT3 | G17: T016
G18: T017
G19: T018
G20: T019
G21: T020
G22: T021
G23: T022
G24: T023
G25: T024
G26: T025
G27: T026
G28: T027
G29: T028
... G38: T037
